{"cameraMode":{"drawMode":0,"name":"Shaded","section":"Shading Mode"},"sceneLighting":false,"audioPlay":false,"sceneViewState":{"m_AlwaysRefresh":false,"showFog":true,"showSkybox":false,"showFlares":true,"showImageEffects":true,"showParticleSystems":true,"showVisualEffectGraphs":true,"m_FxEnabled":true},"in2DMode":false,"pivot":{"x":-0.9215249419212341,"y":4.375918388366699,"z":-2.1850273609161379},"rotation":{"x":-0.20216362178325654,"y":-0.36509737372398379,"z":0.08155427128076554,"w":-0.9051238894462586},"size":1.7320544719696046,"orthographic":false}