{"cameraMode":{"drawMode":0,"name":"Shaded","section":"Shading Mode"},"sceneLighting":true,"audioPlay":false,"sceneViewState":{"m_AlwaysRefresh":false,"showFog":true,"showSkybox":true,"showFlares":true,"showImageEffects":true,"showParticleSystems":true,"showVisualEffectGraphs":true,"m_FxEnabled":true},"in2DMode":false,"pivot":{"x":-4.0076117515563969,"y":13.384963989257813,"z":-6.24017333984375},"rotation":{"x":0.3828044831752777,"y":0.02702704630792141,"z":-0.011176805943250656,"w":0.9233810305595398},"size":0.2602296769618988,"orthographic":false}