{"cameraMode":{"drawMode":0,"name":"Shaded","section":"Shading Mode"},"sceneLighting":true,"audioPlay":false,"sceneViewState":{"m_AlwaysRefresh":false,"showFog":true,"showSkybox":true,"showFlares":true,"showImageEffects":true,"showParticleSystems":true,"showVisualEffectGraphs":true,"m_FxEnabled":true},"in2DMode":false,"pivot":{"x":17.15700912475586,"y":-125.90333557128906,"z":116.16800689697266},"rotation":{"x":0.4303877055644989,"y":-0.04501927271485329,"z":0.021556159481406213,"w":0.9013044238090515},"size":97.5286865234375,"orthographic":false}